family,variant,seed,accuracy_drop,precision_drop,recall_drop,f1_drop,roc_auc_drop,average_precision_drop
Gradient boosting,standard,42,4.457718539652156e-05,0.21666666666666667,0.0014524328249818446,0.0028904286687333925,-0.00012559975404802248,-0.002414845801287202
Gradient boosting,robust,42,0.0,0.0,0.0,0.0,-0.002154782147438805,-0.0033390537660198116
Linear SVM,standard,42,0.0,-0.04166666666666663,0.00036310820624546125,0.0007220140834723839,0.00040181957454177297,0.0008544821072790088
Linear SVM,robust,42,0.0,-0.04166666666666663,0.00036310820624546125,0.0007220140834723839,0.00040610033595478434,0.0009044458591123128
Gaussian Naive Bayes,standard,42,-0.002897517050773457,-0.00583835840992919,0.013435003631082063,0.015254612538076556,0.0009428469270204021,-0.0011337979499410067
Gaussian Naive Bayes,robust,42,-0.0012481611911023816,0.0031599156516539106,0.010893246187363835,0.016704432607063696,-0.0004071613005293129,-0.0013970903219956976
Gradient boosting,standard,43,-8.915437079304311e-05,-0.08333333333333331,0.0,-2.6160122973506277e-06,0.0020551714125733866,0.0015120414647625258
Gradient boosting,robust,43,0.0,0.0,0.0,0.0,0.000574433897902904,0.0004493458535580197
Linear SVM,standard,43,4.457718539652156e-05,0.025000000000000022,0.0007262164124909223,0.0014458638294946248,0.000258912259263,0.0008030080914430138
Linear SVM,robust,43,4.457718539652156e-05,0.025000000000000022,0.0007262164124909223,0.0014458638294946248,0.00026605301213744603,0.0008460587957562216
Gaussian Naive Bayes,standard,43,-0.0005349262247582587,0.003853441429646276,0.006172839506172839,0.00755488745725208,0.003101374740695828,0.002094205215289635
Gaussian Naive Bayes,robust,43,-0.000802389337137277,0.00525524197115812,0.0083514887436456,0.012809625017387305,0.0027873661297964647,0.0016891422494700048
Gradient boosting,standard,44,-8.915437079304311e-05,-0.08333333333333331,0.0014524328249818446,0.002889639590003851,0.002457120148019798,-0.0010437931478335383
Gradient boosting,robust,44,0.0,0.0,0.0,0.0,0.0020814372051233265,-3.170327729920541e-05
Linear SVM,standard,44,8.915437079304311e-05,0.125,0.0007262164124909223,0.0014466517646318042,0.0001072220024640469,0.0018938868950464371
Linear SVM,robust,44,8.915437079304311e-05,0.125,0.0007262164124909223,0.0014466517646318042,9.563442415616574e-05,0.0018996722237069052
Gaussian Naive Bayes,standard,44,-0.0011590068203094495,0.009526826824172385,0.013798111837327529,0.01718774175031798,0.006666391000393013,0.004626542551602608
Gaussian Naive Bayes,robust,44,-0.0006686577809477123,0.011600525938321782,0.00980392156862745,0.015240185880771445,0.0019064979854773734,0.0019826502183611094
