family,seed,robust,standard,robust_drop_reduction
Gaussian Naive Bayes,42,-0.0013970903219956976,-0.0011337979499410067,0.0002632923720546909
Gaussian Naive Bayes,43,0.0016891422494700048,0.002094205215289635,0.0004050629658196303
Gaussian Naive Bayes,44,0.0019826502183611094,0.004626542551602608,0.0026438923332414987
Gradient boosting,42,-0.0033390537660198116,-0.002414845801287202,0.0009242079647326096
Gradient boosting,43,0.0004493458535580197,0.0015120414647625258,0.001062695611204506
Gradient boosting,44,-3.170327729920541e-05,-0.0010437931478335383,-0.0010120898705343329
Linear SVM,42,0.0009044458591123128,0.0008544821072790088,-4.996375183330404e-05
Linear SVM,43,0.0008460587957562216,0.0008030080914430138,-4.305070431320779e-05
Linear SVM,44,0.0018996722237069052,0.0018938868950464371,-5.785328660468103e-06
