model,condition,average_precision_mean,average_precision_std,roc_auc_mean,recall_mean,f1_mean
Gaussian Naive Bayes,clean,0.2401919304807257,0.0,0.7158765100708789,0.0973129992737836,0.1467287161237339
Gaussian Naive Bayes,noisy,0.2383296138750753,0.002887162953297,0.7123063058481757,0.0861776809489228,0.1333963022085184
Gradient boosting,clean,0.2622543753906639,3.644267790855515e-05,0.7308144299891249,0.0018155410312273,0.0036153289949385
Gradient boosting,noisy,0.2629032412187833,0.0019675251179266,0.7293521993869433,0.0008472524812394,0.0016895115794585
Linear SVM,clean,0.2635794416277209,0.0,0.7291533469483688,0.0018155410312273,0.00362056480811
Linear SVM,noisy,0.2623956492631314,0.000615498233316,0.7288973623362791,0.0012103606874848,0.0024157215822437
EDL,clean,0.2933845143397643,0.0028160789739208585,0.7529810429064038,0.023359961268458,0.04362717265120103
EDL,noisy,0.28980919598001126,0.004186719162055061,0.7505428909598179,0.021181312030985232,0.03934040327139486
Softmax,clean,0.2922909811546186,0.002527448127724002,0.7556529576389505,0.05059307673686758,0.09094607678531702
Softmax,noisy,0.2890787137562119,0.003354426163222062,0.7519098069648456,0.026991043330912613,0.050790546647276745
