kind,condition,seed,coverage,error_rate,retained_positive_fraction
Softmax,clean,42,0.2,0.02251448952296032,0.02251448952296032
Softmax,clean,42,0.25,0.02514265335235378,0.02514265335235378
Softmax,clean,42,0.30000000000000004,0.0279387724773369,0.0279387724773369
Softmax,clean,42,0.35000000000000003,0.030824098840911987,0.030824098840911987
Softmax,clean,42,0.4,0.03633121586983172,0.03633121586983172
Softmax,clean,42,0.45,0.03952843273231623,0.03952843273231623
Softmax,clean,42,0.5,0.04235021398002853,0.04235021398002853
Softmax,clean,42,0.55,0.04700923974712271,0.04700923974712271
Softmax,clean,42,0.6000000000000001,0.052084107288803035,0.052084107288803035
Softmax,clean,42,0.65,0.05815787668884164,0.05815787668884164
Softmax,clean,42,0.7,0.06527415143603134,0.06527415143603134
Softmax,clean,42,0.75,0.0723965763195435,0.0723965763195435
Softmax,clean,42,0.8,0.07968349492923214,0.07968349492923214
Softmax,clean,42,0.8500000000000001,0.08957415565345081,0.0894692678833648
Softmax,clean,42,0.9000000000000001,0.09881618703254247,0.0987666551092179
Softmax,clean,42,0.95,0.10909858758387687,0.10914551170756887
Softmax,clean,42,1.0,0.12383542103151607,0.12276556858199973
Softmax,noisy,42,0.2,0.0231832367365136,0.0231832367365136
Softmax,noisy,42,0.25,0.026390870185449358,0.026390870185449358
Softmax,noisy,42,0.30000000000000004,0.02972209838014564,0.02972209838014564
Softmax,noisy,42,0.35000000000000003,0.03222519424277162,0.03222519424277162
Softmax,noisy,42,0.4,0.03610832497492478,0.03610832497492478
Softmax,noisy,42,0.45,0.03962750148603131,0.03962750148603131
Softmax,noisy,42,0.5,0.04431169757489301,0.04431169757489301
Softmax,noisy,42,0.55,0.04830604636083644,0.04830604636083644
Softmax,noisy,42,0.6000000000000001,0.052975703989895234,0.052975703989895234
Softmax,noisy,42,0.65,0.05980385433097867,0.05980385433097867
Softmax,noisy,42,0.7,0.0668025218111189,0.0668025218111189
Softmax,noisy,42,0.75,0.07328815977175464,0.07328815977175464
Softmax,noisy,42,0.8,0.08046361306140644,0.08046361306140644
Softmax,noisy,42,0.8500000000000001,0.08957415565345081,0.08957415565345081
Softmax,noisy,42,0.9000000000000001,0.09856852741591957,0.09856852741591957
Softmax,noisy,42,0.95,0.10881704284172493,0.10862934634695696
Softmax,noisy,42,1.0,0.12289930013818927,0.12276556858199973
EDL,clean,42,0.2,0.024743646901471242,0.024743646901471242
EDL,clean,42,0.25,0.026212553495007132,0.026212553495007132
EDL,clean,42,0.30000000000000004,0.028235993461138358,0.028235993461138358
EDL,clean,42,0.35000000000000003,0.032862055789071455,0.032862055789071455
EDL,clean,42,0.4,0.03722277944945949,0.03722277944945949
EDL,clean,42,0.45,0.040915395284327326,0.040915395284327326
EDL,clean,42,0.5,0.04386590584878745,0.04386590584878745
EDL,clean,42,0.55,0.04830604636083644,0.04830604636083644
EDL,clean,42,0.6000000000000001,0.053050003714986256,0.053050003714986256
EDL,clean,42,0.65,0.05829504149235306,0.05829504149235306
EDL,clean,42,0.7,0.06419155575367765,0.06419155575367765
EDL,clean,42,0.75,0.07192106514503091,0.07192106514503091
EDL,clean,42,0.8,0.0794606040343252,0.0794606040343252
EDL,clean,42,0.8500000000000001,0.0895217117684078,0.0895217117684078
EDL,clean,42,0.9000000000000001,0.09911337857248997,0.09911337857248997
EDL,clean,42,0.95,0.1099432218103327,0.11031861479986861
EDL,clean,42,1.0,0.12285472295279276,0.12276556858199973
EDL,noisy,42,0.2,0.024966562639322336,0.024966562639322336
EDL,noisy,42,0.25,0.02746077032810271,0.02746077032810271
EDL,noisy,42,0.30000000000000004,0.030910982315351464,0.030910982315351464
EDL,noisy,42,0.35000000000000003,0.03464526811871099,0.03464526811871099
EDL,noisy,42,0.4,0.03867157026635462,0.03867157026635462
EDL,noisy,42,0.45,0.0432930453734892,0.0432930453734892
EDL,noisy,42,0.5,0.046540656205420826,0.046540656205420826
EDL,noisy,42,0.55,0.051223861241692335,0.051223861241692335
EDL,noisy,42,0.6000000000000001,0.056616390519355075,0.056616390519355075
EDL,noisy,42,0.65,0.061792743981894244,0.061792743981894244
EDL,noisy,42,0.7,0.06788511749347259,0.06788511749347259
EDL,noisy,42,0.75,0.07382310984308131,0.07382310984308131
EDL,noisy,42,0.8,0.0802407221664995,0.0802407221664995
EDL,noisy,42,0.8500000000000001,0.08857772183763374,0.08857772183763374
EDL,noisy,42,0.9000000000000001,0.0987666551092179,0.0987666551092179
EDL,noisy,42,0.95,0.11003707005771667,0.11003707005771667
EDL,noisy,42,1.0,0.12249810546962064,0.12276556858199973
