kind,condition,seed,split,best_epoch,epochs_run,fit_seconds,run_id,accuracy,precision,recall,f1,roc_auc,average_precision,brier_score,ece_15bins,error_detection_auc,mean_uncertainty
Softmax,clean,42,validation,12,22,0.8461820980010089,f00e3dbbd7fa46758e4cb24691689127,0.8819859167483733,0.3620689655172414,0.032507739938080496,0.05965909090909091,0.7634257556945891,0.2754038930426236,0.09265144169330597,0.009208648225417247,0.7707968029872574,0.4379718601703644
Softmax,clean,42,test,12,22,0.8461820980010089,f00e3dbbd7fa46758e4cb24691689127,0.8761645789684839,0.4552238805970149,0.04429920116194626,0.08074123097286565,0.7553313285346736,0.2894921975977121,0.0977659821510315,0.013177114148808053,0.7578765929710105,0.4355808198451996
EDL,clean,42,validation,22,32,2.089152145003027,1c07a203d43342efb1ec71fc70795a7d,0.8840360103396024,0.46511627906976744,0.04643962848297214,0.0844475721323012,0.7646231187358117,0.2850892641750629,0.09530089050531387,0.05194179632306916,0.7656262521004288,0.32988014817237854
EDL,clean,42,test,22,32,2.089152145003027,1c07a203d43342efb1ec71fc70795a7d,0.8771452770472072,0.49606299212598426,0.0457516339869281,0.08377659574468085,0.7541046689711186,0.2944853318891631,0.09977066516876221,0.04456778512787298,0.7532559213002621,0.3285229206085205
Softmax,noisy,42,validation,11,21,0.8840861089993268,65d05ba8d5ae499c8526eb9fc2e2320a,0.8836794723237366,0.3898305084745763,0.01780185758513932,0.034048852701702444,0.759776554607146,0.2714679285320426,0.09309542924165726,0.023513334093273195,0.763029795706679,0.37771275639533997
Softmax,noisy,42,test,11,21,0.8840861089993268,65d05ba8d5ae499c8526eb9fc2e2320a,0.8771006998618107,0.48739495798319327,0.021060275962236745,0.0403759136790811,0.752608072342506,0.2897589400427828,0.09830024838447571,0.027883553889678513,0.7529078710216129,0.3767160475254059
EDL,noisy,42,validation,22,32,2.264072699996177,db689b21a8af4336ae71f08d80b3ae80,0.8843925483554684,0.43243243243243246,0.01238390092879257,0.024078254326561323,0.7582171056140163,0.2781837089338888,0.09553146362304688,0.05241512729475784,0.7588115597730144,0.3318008780479431
EDL,noisy,42,test,22,32,2.264072699996177,db689b21a8af4336ae71f08d80b3ae80,0.8775018945303793,0.5333333333333333,0.017429193899782137,0.03375527426160337,0.7472166747613651,0.29092400834693616,0.10008154809474945,0.045128040085111815,0.7457875198865391,0.3306348919868469
Softmax,clean,43,validation,9,20,0.7665801839975757,5e70c7fe0f2142b78aeba1d05f1ceefb,0.8835012033158035,0.4489795918367347,0.05108359133126935,0.0917303683113273,0.765963593052815,0.28487329413121065,0.09216313064098358,0.010002264136861741,0.7691000235893769,0.43271589279174805
Softmax,clean,43,test,9,20,0.7665801839975757,5e70c7fe0f2142b78aeba1d05f1ceefb,0.8757188071145188,0.4440789473684211,0.049019607843137254,0.08829300196206671,0.7567958748073611,0.29297406155557754,0.09764838963747025,0.013721794773454327,0.7604068795729654,0.4334395229816437
EDL,clean,43,validation,14,24,1.3357243169957655,e1ba0c1eebd34ceb8e1ab50786351d2a,0.8844816828594348,0.45454545454545453,0.015479876160990712,0.029940119760479042,0.7679640711559711,0.286720180978278,0.09428392350673676,0.049551469139135176,0.768815558815223,0.3235403299331665
EDL,clean,43,test,14,24,1.3357243169957655,e1ba0c1eebd34ceb8e1ab50786351d2a,0.8772790086033968,0.5046728971962616,0.0196078431372549,0.03774903879762321,0.7518161222552985,0.29548390769533067,0.09916085749864578,0.04274268855339907,0.7513270537831603,0.32391032576560974
Softmax,noisy,43,validation,9,20,0.6967026150014135,6e9f6db814db4825859b7d24bc729235,0.8831446652999376,0.4144144144144144,0.03560371517027864,0.06557377049180328,0.7661891560715203,0.28553255321781346,0.09192483127117157,0.009274526504773666,0.7705233687684132,0.427262544631958
Softmax,noisy,43,test,9,20,0.6967026150014135,6e9f6db814db4825859b7d24bc729235,0.87634288771007,0.45726495726495725,0.038852578068264344,0.07161981258366801,0.7552050183956496,0.2920408943663352,0.09768211841583252,0.015246102745393878,0.7573262554822154,0.428603857755661
EDL,noisy,43,validation,18,28,1.7014378259991645,1cdf086ce82245ec99a84cbe10bf2dc3,0.8836794723237366,0.45112781954887216,0.04643962848297214,0.08421052631578947,0.7667296340686391,0.28766275999919366,0.09472871571779251,0.051359802582799714,0.7688579639304146,0.3285697400569916
EDL,noisy,43,test,18,28,1.7014378259991645,1cdf086ce82245ec99a84cbe10bf2dc3,0.8763874648954665,0.46441947565543074,0.04502541757443718,0.08209202250910294,0.7529971787937132,0.2933256715304523,0.09972954541444778,0.04443812106990871,0.7543036983937907,0.3288287818431854
Softmax,clean,44,validation,15,25,0.9108806200019899,0f5c65b6b44040cfb77ad391150b79dd,0.8819859167483733,0.41208791208791207,0.05804953560371517,0.10176390773405698,0.7577070353518769,0.27986155415116987,0.0931648388504982,0.016785776899910516,0.7648063350985956,0.3982826769351959
Softmax,clean,44,test,15,25,0.9108806200019899,0f5c65b6b44040cfb77ad391150b79dd,0.8760754245976909,0.46264367816091956,0.058460421205519246,0.1038039974210187,0.7548316695748167,0.2944066843105662,0.098243348300457,0.024243676991382544,0.7574340161514506,0.39480867981910706
EDL,clean,44,validation,15,25,1.3935219630002393,7ebc112ee50e481eb5ace6bb2b32a4bb,0.8849273553792674,0.5714285714285714,0.0030959752321981426,0.006158583525789068,0.7666223493421482,0.2871776358008411,0.09508329629898071,0.05738984934413845,0.7660403550021815,0.34020358324050903
EDL,clean,44,test,15,25,1.3935219630002393,7ebc112ee50e481eb5ace6bb2b32a4bb,0.8772790086033968,0.52,0.004720406681190995,0.009355883411299028,0.7530223374927942,0.2901843034347992,0.10016953945159912,0.04946192812995076,0.7523228724613797,0.3394136428833008
Softmax,noisy,44,validation,12,22,0.8127636059944052,16af07ce14a44714b6ce55e3b478620a,0.8842142793475354,0.4426229508196721,0.02089783281733746,0.03991130820399113,0.7579141198239407,0.2781636543386714,0.09271152317523956,0.01973074689482246,0.7596423039434801,0.38708165287971497
Softmax,noisy,44,test,12,22,0.8127636059944052,16af07ce14a44714b6ce55e3b478620a,0.8771006998618107,0.48739495798319327,0.021060275962236745,0.0403759136790811,0.747916330156381,0.28543630685951776,0.09864802658557892,0.026452983565014448,0.7482264553743072,0.385260671377182
EDL,noisy,44,validation,17,27,1.5218306989991106,459db4bdab114e9cbac8b4963776243a,0.8848382208753008,0.5,0.0023219814241486067,0.004622496147919877,0.764358064645909,0.2879367663652542,0.09414863586425781,0.047184783083751416,0.7640204608190877,0.3205811381340027
EDL,noisy,44,test,17,27,1.5218306989991106,459db4bdab114e9cbac8b4963776243a,0.8772344314180003,0.5,0.0010893246187363835,0.002173913043478261,0.7514148193243755,0.2851779080626453,0.09942806512117386,0.03898011965072092,0.7509623317720733,0.31927236914634705
