kind,condition,seed,epoch,training_loss,validation_ap
Softmax,clean,42,1,0.42907764406204224,0.19980245345502715
Softmax,clean,42,2,0.33447024030685424,0.23442462718587748
Softmax,clean,42,3,0.32369723796844485,0.25028483764890186
Softmax,clean,42,4,0.31788830819129943,0.2566449997270283
Softmax,clean,42,5,0.31180473861694336,0.2622838418058567
Softmax,clean,42,6,0.3085255280017853,0.26517501615881994
Softmax,clean,42,7,0.3038817714929581,0.26535306842670225
Softmax,clean,42,8,0.299885480427742,0.266325587447634
Softmax,clean,42,9,0.29685767402648927,0.26902727461407583
Softmax,clean,42,10,0.29341226778030394,0.2722455385041638
Softmax,clean,42,11,0.29074602303504943,0.2736340167871783
Softmax,clean,42,12,0.28765263681411746,0.2754038930426236
Softmax,clean,42,13,0.2826659437894821,0.27177601762538306
Softmax,clean,42,14,0.2807000723838806,0.27183821573747524
Softmax,clean,42,15,0.275827255821228,0.2707491136959544
Softmax,clean,42,16,0.2739879107713699,0.2736211251392376
Softmax,clean,42,17,0.2694130130767822,0.2676169191266852
Softmax,clean,42,18,0.267584884262085,0.2634842396986188
Softmax,clean,42,19,0.2627939768075943,0.26312299128516803
Softmax,clean,42,20,0.26062991280555725,0.2688685165939235
Softmax,clean,42,21,0.2556588619232178,0.26086640216681795
Softmax,clean,42,22,0.2526965526342392,0.2598417383104764
EDL,clean,42,1,0.3935525723218918,0.1561334635496843
EDL,clean,42,2,0.25220085263252257,0.2104792311747174
EDL,clean,42,3,0.25784297285079955,0.2385191904491072
EDL,clean,42,4,0.2651841135263443,0.2515713347968863
EDL,clean,42,5,0.27161286911964416,0.26196556265972365
EDL,clean,42,6,0.27738660187721254,0.26564749233574775
EDL,clean,42,7,0.28256485142707827,0.2705701467111692
EDL,clean,42,8,0.28701664862632753,0.27098898021388945
EDL,clean,42,9,0.29161578059196475,0.2730974486906807
EDL,clean,42,10,0.29522178707122804,0.2770750385649517
EDL,clean,42,11,0.29313305780887605,0.2757340603427414
EDL,clean,42,12,0.2906613086462021,0.27832053521605005
EDL,clean,42,13,0.2882542285680771,0.2773337583851395
EDL,clean,42,14,0.2868015045166016,0.2759490052727259
EDL,clean,42,15,0.28432628389596937,0.27607222073199056
EDL,clean,42,16,0.2824636355996132,0.2777362629829012
EDL,clean,42,17,0.27938488495349884,0.2783609090709841
EDL,clean,42,18,0.2774095908164978,0.27823429886952405
EDL,clean,42,19,0.27412437119483946,0.27933768198683306
EDL,clean,42,20,0.2713754346370697,0.284054467271793
EDL,clean,42,21,0.2680536817073822,0.2823407926894324
EDL,clean,42,22,0.26608320450782774,0.2850892641750629
EDL,clean,42,23,0.26488958473205565,0.28342566213489284
EDL,clean,42,24,0.2626124568462372,0.2839452295862709
EDL,clean,42,25,0.2589335453033447,0.28408982057877696
EDL,clean,42,26,0.25599900979995727,0.2816419075752821
EDL,clean,42,27,0.2536396075963974,0.2841362402378504
EDL,clean,42,28,0.25131442470550536,0.2789896638659083
EDL,clean,42,29,0.24897877383232117,0.2786399893612867
EDL,clean,42,30,0.24752059667110443,0.27298748833411396
EDL,clean,42,31,0.24536768670082093,0.278624654157271
EDL,clean,42,32,0.2453537727832794,0.2752414755312507
Softmax,noisy,42,1,0.4215277643680573,0.1961273858036356
Softmax,noisy,42,2,0.324703461933136,0.23087106573876162
Softmax,noisy,42,3,0.31437581644058227,0.24589758046098537
Softmax,noisy,42,4,0.309248189330101,0.2519534712196193
Softmax,noisy,42,5,0.30341313619613647,0.25816416392031516
Softmax,noisy,42,6,0.3005368540287018,0.25919357541607313
Softmax,noisy,42,7,0.2962839725494385,0.26147417105758947
Softmax,noisy,42,8,0.29250299615859987,0.2641014906624248
Softmax,noisy,42,9,0.2896330741882324,0.26698321041206746
Softmax,noisy,42,10,0.2863254724025726,0.26900547426418353
Softmax,noisy,42,11,0.2841735646009445,0.2714679285320426
Softmax,noisy,42,12,0.28053551411628724,0.27126854625808755
Softmax,noisy,42,13,0.2757860872507095,0.26864179877650785
Softmax,noisy,42,14,0.2742137546300888,0.266426120763255
Softmax,noisy,42,15,0.2690898029088974,0.26686528276667465
Softmax,noisy,42,16,0.26744410504102706,0.2684616494265695
Softmax,noisy,42,17,0.2629212382555008,0.26135356696982354
Softmax,noisy,42,18,0.26084462895393373,0.2619042032084773
Softmax,noisy,42,19,0.2566715490102768,0.25984433623806097
Softmax,noisy,42,20,0.25367612705230713,0.26555709085200213
Softmax,noisy,42,21,0.24960317764282228,0.26097220161078344
EDL,noisy,42,1,0.3890633610963821,0.15317955912413855
EDL,noisy,42,2,0.24260277404785155,0.20546279214012314
EDL,noisy,42,3,0.24831734504699707,0.23560065191067492
EDL,noisy,42,4,0.25582330248355867,0.24867135486700787
EDL,noisy,42,5,0.2624387998104096,0.25915948489509283
EDL,noisy,42,6,0.26849371576309206,0.2598892877676427
EDL,noisy,42,7,0.2739089546918869,0.26719032024111583
EDL,noisy,42,8,0.2783967133760452,0.267864590670722
EDL,noisy,42,9,0.2829590593338013,0.26929877366846416
EDL,noisy,42,10,0.28683095407485965,0.2736847702764208
EDL,noisy,42,11,0.2848601929664612,0.27145951490138887
EDL,noisy,42,12,0.2823389094829559,0.2751061601815188
EDL,noisy,42,13,0.28031306729316713,0.2748303089714595
EDL,noisy,42,14,0.27896398417949675,0.27265498491573564
EDL,noisy,42,15,0.27679150022268295,0.2729846424926182
EDL,noisy,42,16,0.27544902797937393,0.2735722043803637
EDL,noisy,42,17,0.2727366176605225,0.27374110410998137
EDL,noisy,42,18,0.2713979016304016,0.27400893500185103
EDL,noisy,42,19,0.2696577790021896,0.27348702636278
EDL,noisy,42,20,0.2678031798362732,0.27682969256724804
EDL,noisy,42,21,0.26570673837661746,0.2761303136170807
EDL,noisy,42,22,0.26442894949913026,0.2781837089338888
EDL,noisy,42,23,0.26347960414886473,0.273703786479947
EDL,noisy,42,24,0.261747305393219,0.2736401611953999
EDL,noisy,42,25,0.2586168855667114,0.274166960657062
EDL,noisy,42,26,0.25660542070865633,0.2739691229262377
EDL,noisy,42,27,0.2552385023832321,0.27805393389652777
EDL,noisy,42,28,0.25287585306167604,0.2702875282233741
EDL,noisy,42,29,0.25120727524757386,0.27112145226157375
EDL,noisy,42,30,0.24948156731128693,0.26539677161686154
EDL,noisy,42,31,0.24730579566955566,0.27239591263110063
EDL,noisy,42,32,0.24487156310081482,0.26428540589420213
Softmax,clean,43,1,0.4663773272752762,0.19754216272033803
Softmax,clean,43,2,0.33224172196388246,0.2634483124990659
Softmax,clean,43,3,0.3214273503899574,0.27261702184347597
Softmax,clean,43,4,0.31493448038101196,0.2753436362077789
Softmax,clean,43,5,0.3092152428627014,0.27896845112678254
Softmax,clean,43,6,0.30476780009269716,0.28086985183836755
Softmax,clean,43,7,0.29999895763397216,0.28151298014974085
Softmax,clean,43,8,0.2964109761953354,0.28278257498069503
Softmax,clean,43,9,0.29186335706710814,0.28487329413121065
Softmax,clean,43,10,0.2892720521450043,0.2806837919267462
Softmax,clean,43,11,0.2843757898330688,0.28023560864967006
Softmax,clean,43,12,0.28174032969474794,0.2812038998080923
Softmax,clean,43,13,0.2780910678386688,0.2793153458146702
Softmax,clean,43,14,0.2749870523929596,0.2737856317342672
Softmax,clean,43,15,0.2719225239276886,0.2818037066125989
Softmax,clean,43,16,0.26861183257102966,0.27177903429188977
Softmax,clean,43,17,0.2667037541866302,0.27026168291113895
Softmax,clean,43,18,0.26386121864318846,0.2772489442511684
Softmax,clean,43,19,0.2602553068637848,0.2726685628805484
Softmax,clean,43,20,0.2570079485416412,0.269412422597291
EDL,clean,43,1,0.44607532353401186,0.13348799578611314
EDL,clean,43,2,0.2593133350968361,0.20413208092471008
EDL,clean,43,3,0.2589978221952915,0.2464951682732349
EDL,clean,43,4,0.2652871856212616,0.2619512689713799
EDL,clean,43,5,0.27098663177490234,0.2695756689886989
EDL,clean,43,6,0.2766527032852173,0.27270561836933016
EDL,clean,43,7,0.2819545555591583,0.2730560524172193
EDL,clean,43,8,0.28695402891635896,0.2734102937391612
EDL,clean,43,9,0.2910274265766144,0.2752256775644734
EDL,clean,43,10,0.29519313850402834,0.27658828978871924
EDL,clean,43,11,0.2918175889968872,0.27992877823453705
EDL,clean,43,12,0.2887510978937149,0.2814676644527236
EDL,clean,43,13,0.2856122478723526,0.28295860287523633
EDL,clean,43,14,0.28260056490898133,0.286720180978278
EDL,clean,43,15,0.2798418863773346,0.28631489180841846
EDL,clean,43,16,0.276670441198349,0.2846674509183455
EDL,clean,43,17,0.2736755914211273,0.2858528618677717
EDL,clean,43,18,0.2706856830596924,0.28616509313532634
EDL,clean,43,19,0.26731259088516235,0.2821989427358978
EDL,clean,43,20,0.2649606616735458,0.2847607558851899
EDL,clean,43,21,0.26205701761245725,0.2833125355447799
EDL,clean,43,22,0.25929225754737856,0.28422147763539396
EDL,clean,43,23,0.2562009725093842,0.2822124026569931
EDL,clean,43,24,0.2535480902671814,0.2835834473475202
Softmax,noisy,43,1,0.4607723277807236,0.19313042019807652
Softmax,noisy,43,2,0.3223948790192604,0.2617916332544127
Softmax,noisy,43,3,0.3119677322030067,0.27173894276435623
Softmax,noisy,43,4,0.3059103785514832,0.27472263142772657
Softmax,noisy,43,5,0.3004107138633728,0.2769175238417864
Softmax,noisy,43,6,0.29604384603500367,0.2800158319688398
Softmax,noisy,43,7,0.29166781802177427,0.2799099446833762
Softmax,noisy,43,8,0.2882134166955948,0.28392631366601123
Softmax,noisy,43,9,0.28348307762145997,0.28553255321781346
Softmax,noisy,43,10,0.2812603576183319,0.2804045017540838
Softmax,noisy,43,11,0.27620033197402954,0.28076097575031506
Softmax,noisy,43,12,0.2733483650445938,0.27961752590159866
Softmax,noisy,43,13,0.26988744292259215,0.2800717222242966
Softmax,noisy,43,14,0.2666752575874329,0.2719945567422303
Softmax,noisy,43,15,0.2641703763961792,0.28023698412381626
Softmax,noisy,43,16,0.26106517095565795,0.26919070240839604
Softmax,noisy,43,17,0.2591025801181793,0.2707908546999931
Softmax,noisy,43,18,0.256587877702713,0.2759328565046727
Softmax,noisy,43,19,0.2528049050092697,0.2718088379108017
Softmax,noisy,43,20,0.2491173622369766,0.2696481562534368
EDL,noisy,43,1,0.44320359883308413,0.13193989625595162
EDL,noisy,43,2,0.24995727873444556,0.199900489653788
EDL,noisy,43,3,0.24911562743782997,0.24331950745307684
EDL,noisy,43,4,0.2556551839351654,0.26013466256497936
EDL,noisy,43,5,0.26152649545669554,0.26767566709663837
EDL,noisy,43,6,0.26743653764724734,0.27033559622481673
EDL,noisy,43,7,0.2727986086845398,0.27115838146344606
EDL,noisy,43,8,0.27787737979888916,0.2725154246886312
EDL,noisy,43,9,0.28217687044143674,0.27461533036972885
EDL,noisy,43,10,0.2864892744064331,0.27471147917893385
EDL,noisy,43,11,0.28334957275390626,0.27780751151097977
EDL,noisy,43,12,0.2805214954853058,0.27825514222709463
EDL,noisy,43,13,0.27768703775405884,0.2794542771371991
EDL,noisy,43,14,0.2748787236213684,0.28393002231730935
EDL,noisy,43,15,0.27235993118286134,0.28434283685920764
EDL,noisy,43,16,0.2696992017269135,0.2837698906310017
EDL,noisy,43,17,0.2670092720031738,0.28575153557303634
EDL,noisy,43,18,0.2644443645477295,0.28766275999919366
EDL,noisy,43,19,0.2612680774688721,0.28427875719465157
EDL,noisy,43,20,0.25896784744262696,0.2846429434129722
EDL,noisy,43,21,0.25599092364311216,0.28452501885757814
EDL,noisy,43,22,0.25316326818466184,0.28410940043785465
EDL,noisy,43,23,0.2500940172314644,0.2821206868040764
EDL,noisy,43,24,0.24723973140716551,0.2833878413086666
EDL,noisy,43,25,0.2452001178741455,0.2788598347571683
EDL,noisy,43,26,0.2421726363182068,0.2770431237851665
EDL,noisy,43,27,0.24053677208423616,0.2800006877729451
EDL,noisy,43,28,0.23717714982032775,0.27681136455859046
Softmax,clean,44,1,0.38024229259490966,0.22636943611279922
Softmax,clean,44,2,0.3312890944957733,0.2570992206120578
Softmax,clean,44,3,0.3203653857946396,0.2662612161737469
Softmax,clean,44,4,0.31425568895339967,0.2703486503112562
Softmax,clean,44,5,0.309392923784256,0.27305444506761406
Softmax,clean,44,6,0.30509789905548096,0.2764745607195171
Softmax,clean,44,7,0.30092676057815554,0.27624201290592404
Softmax,clean,44,8,0.2968815803527832,0.27471216492467815
Softmax,clean,44,9,0.29452327392101285,0.27645662046255426
Softmax,clean,44,10,0.2889521740436554,0.2791195373134596
Softmax,clean,44,11,0.287301811170578,0.27792530251554176
Softmax,clean,44,12,0.28143731627464297,0.2798406521677375
Softmax,clean,44,13,0.27785486018657685,0.2751025119323447
Softmax,clean,44,14,0.2740523548126221,0.273946338853574
Softmax,clean,44,15,0.27210859133005144,0.27986155415116987
Softmax,clean,44,16,0.2673548545598984,0.2779480979326781
Softmax,clean,44,17,0.26220908761024475,0.2761585231477984
Softmax,clean,44,18,0.2600562827587128,0.26541074855914687
Softmax,clean,44,19,0.25908886543512344,0.2607713235068277
Softmax,clean,44,20,0.2506495976924896,0.25313713892271594
Softmax,clean,44,21,0.2475688009262085,0.2609926645316339
Softmax,clean,44,22,0.24480442862510682,0.2692314047316552
Softmax,clean,44,23,0.2390973213195801,0.2546368769295909
Softmax,clean,44,24,0.23722052290439605,0.2569047747725356
Softmax,clean,44,25,0.22947255568504332,0.25162717887459357
EDL,clean,44,1,0.37067182903289797,0.15127648788763148
EDL,clean,44,2,0.2527493140220642,0.21175173703461658
EDL,clean,44,3,0.258015411901474,0.24486810698641848
EDL,clean,44,4,0.264177284860611,0.25731012642798484
EDL,clean,44,5,0.270266076374054,0.265809496760946
EDL,clean,44,6,0.2760261001467705,0.2714294037817414
EDL,clean,44,7,0.2815129536151886,0.274188376474256
EDL,clean,44,8,0.286139412689209,0.2773712271749339
EDL,clean,44,9,0.28990211720466613,0.2781380557544889
EDL,clean,44,10,0.2932450303554535,0.2816748324538352
EDL,clean,44,11,0.2896925619840622,0.2818859121206881
EDL,clean,44,12,0.2855534450531006,0.2796794745092136
EDL,clean,44,13,0.2825434731721878,0.28436364693273763
EDL,clean,44,14,0.27917000594139096,0.28513586350681924
EDL,clean,44,15,0.27622492480278016,0.2871776358008411
EDL,clean,44,16,0.2724262053012848,0.2847580880584795
EDL,clean,44,17,0.2692753673315048,0.2844970734131199
EDL,clean,44,18,0.2664945641517639,0.27984222898885397
EDL,clean,44,19,0.2629455975651741,0.28241084225110363
EDL,clean,44,20,0.2603546395778656,0.278095650025708
EDL,clean,44,21,0.2580296800374985,0.27913995893391763
EDL,clean,44,22,0.2552255557060242,0.2836939909126035
EDL,clean,44,23,0.2533808069229126,0.2800305517163965
EDL,clean,44,24,0.2513632598400116,0.27504563942276433
EDL,clean,44,25,0.24766697342395783,0.273315891239022
Softmax,noisy,44,1,0.37200242733955385,0.22139468395303577
Softmax,noisy,44,2,0.32306363892555234,0.25362633180427985
Softmax,noisy,44,3,0.31260486273765564,0.26393363762140126
Softmax,noisy,44,4,0.30661927666664124,0.26813462100358887
Softmax,noisy,44,5,0.30169720005989076,0.27183543128072774
Softmax,noisy,44,6,0.2973919114589691,0.27370683937999
Softmax,noisy,44,7,0.29357750368118285,0.2744203377512286
Softmax,noisy,44,8,0.2896546820640564,0.27281628056592594
Softmax,noisy,44,9,0.2877360570430756,0.2742709592935771
Softmax,noisy,44,10,0.2819638995170593,0.2776055954933063
Softmax,noisy,44,11,0.28025499410629273,0.27760562678730955
Softmax,noisy,44,12,0.27474257917404177,0.2781636543386714
Softmax,noisy,44,13,0.2706947638630867,0.2735234212693043
Softmax,noisy,44,14,0.26723484387397767,0.27392398687325953
Softmax,noisy,44,15,0.265829160964489,0.2753895319484294
Softmax,noisy,44,16,0.26093606514930723,0.2774884190193257
Softmax,noisy,44,17,0.25639022705554965,0.27497291847707717
Softmax,noisy,44,18,0.2531993414402008,0.26272462395892743
Softmax,noisy,44,19,0.2531748153805733,0.25971857869294296
Softmax,noisy,44,20,0.2449573441028595,0.2478498925029636
Softmax,noisy,44,21,0.2417931545972824,0.2590133920348221
Softmax,noisy,44,22,0.23842430295944214,0.266129300932535
EDL,noisy,44,1,0.3659677230834961,0.1485896380426968
EDL,noisy,44,2,0.2432984058856964,0.20573997423902524
EDL,noisy,44,3,0.24881021366119385,0.24130531379418435
EDL,noisy,44,4,0.2555110066413879,0.2554917826129007
EDL,noisy,44,5,0.26202068238258364,0.2642638787229921
EDL,noisy,44,6,0.26802367160320284,0.2707372804409848
EDL,noisy,44,7,0.27372747383117674,0.2751327821303209
EDL,noisy,44,8,0.2786459533691406,0.27819674353662577
EDL,noisy,44,9,0.282751262319088,0.27833440454993164
EDL,noisy,44,10,0.28652948410511014,0.28157798695104846
EDL,noisy,44,11,0.28310955959558487,0.2844487021310021
EDL,noisy,44,12,0.2791942798137665,0.28128741187549416
EDL,noisy,44,13,0.27623768346309663,0.2829656916879979
EDL,noisy,44,14,0.27329759950637816,0.28521831127988695
EDL,noisy,44,15,0.2704995447397232,0.2851461512223195
EDL,noisy,44,16,0.26718290491104124,0.2871486244351741
EDL,noisy,44,17,0.26406302592754366,0.2879367663652542
EDL,noisy,44,18,0.2614357127189636,0.28127772799327944
EDL,noisy,44,19,0.258357333946228,0.28546418987051025
EDL,noisy,44,20,0.25613279733657834,0.2826186961744432
EDL,noisy,44,21,0.25376352643966676,0.2852293900980236
EDL,noisy,44,22,0.2509911057472229,0.2865293675271572
EDL,noisy,44,23,0.24947749481201173,0.28546201910406804
EDL,noisy,44,24,0.24660953340530395,0.27944130844480963
EDL,noisy,44,25,0.24327537257671356,0.2812429023183416
EDL,noisy,44,26,0.24119943842887878,0.2818196401062059
EDL,noisy,44,27,0.23985971117019653,0.2738801359726229
