component,importance
3,0.3482190539924756
1,0.11339912224455263
9,0.1005096929675874
33,0.0818020129813342
8,0.05643429773189827
13,0.051652928977189067
21,0.04602928045207572
16,0.042547143914646104
11,0.04125354327877849
24,0.04048371992582261
5,0.02879552936156882
6,0.024763584795596295
12,0.01661642702426413
32,0.007493662352210702
2,0.0
10,0.0
4,0.0
7,0.0
18,0.0
17,0.0
15,0.0
14,0.0
22,0.0
23,0.0
20,0.0
19,0.0
26,0.0
25,0.0
27,0.0
28,0.0
30,0.0
29,0.0
31,0.0
34,0.0
35,0.0
36,0.0
37,0.0
38,0.0
39,0.0
40,0.0
41,0.0
42,0.0
43,0.0
44,0.0
45,0.0
46,0.0
47,0.0
48,0.0
49,0.0
50,0.0
