experiment,family,model,params,feature_space,seed,label_condition,configuration,noise_rate,n_flipped,score_source,val_predict_seconds,val_accuracy,val_precision,val_recall,val_f1,val_roc_auc,val_average_precision,val_mcc,val_specificity,val_tp,val_fp,val_fn,val_tn,val_selected_threshold,val_f1_at_val_threshold,test_predict_seconds,test_accuracy,test_precision,test_recall,test_f1,test_roc_auc,test_average_precision,test_mcc,test_specificity,test_tp,test_fp,test_fn,test_tn,test_f1_at_val_threshold,test_precision_at_val_threshold,test_recall_at_val_threshold,n_features,fit_seconds,pca_explained_variance,train_prevalence
3.1-baselines,logreg_sga,Logistic regression (SGA),l2=1e-05,standardized,42,clean,standard,,,predict_proba,0.048,0.859167483732953,0.2372262773722627,0.1006191950464396,0.1413043478260869,0.6485265815062962,0.1832512358269673,0.0866544698929415,0.957892616097512,130,418,1162,9509,0.058743,0.2729421878358049,0.096,0.8522266304105559,0.2497769848349687,0.1016702977487291,0.144516129032258,0.6605925798979209,0.2024274194041222,0.0887640964742694,0.9572640886223892,280,841,2474,18838,0.2883116883116883,0.2053654024051804,0.4836601307189542,784.0,2.749,,
3.1-baselines,logreg_sga,Logistic regression (SGA),l2=0.0001,standardized,42,clean,standard,,,predict_proba,0.047,0.8614849808360816,0.244140625,0.0967492260061919,0.1385809312638581,0.644986419437747,0.1811609091746762,0.0883554709078908,0.9610154125113328,125,387,1167,9540,0.072746,0.2695393078157231,0.101,0.8539205634556234,0.2502387774594078,0.0951343500363108,0.1378584583004472,0.6591419737771628,0.2014820396882654,0.0859471249544646,0.9601097616748818,262,785,2492,18894,0.2866767336508305,0.2107600341588386,0.4480755265068991,784.0,2.339,,
3.1-baselines,logreg_sga,Logistic regression (SGA),l2=0.001,standardized,42,clean,standard,,,predict_proba,0.05,0.8636242089312773,0.2206572769953051,0.0727554179566563,0.109429569266589,0.6333183477777871,0.1740064791368022,0.0656570729109739,0.96655585776166,94,332,1198,9595,0.044728,0.2616033755274262,0.103,0.8570409664333793,0.222766217870257,0.0660856935366739,0.1019322318678241,0.6461947739800412,0.1892882031512269,0.0592420471917832,0.967732100208344,182,635,2572,19044,0.2770391971867227,0.1813587871982032,0.5864197530864198,784.0,2.345,,
3.1-baselines,gaussian_nb,Gaussian Naive Bayes,var_smoothing=1e-09,standardized,42,clean,standard,,,predict_proba,0.182,0.6236741242534986,0.1866980325064157,0.6756965944272446,0.2925603217158177,0.6700595461419445,0.1844827109039095,0.1894474928310313,0.6169033947819079,873,3803,419,6124,1.0,0.3051041865800038,0.395,0.611688138010966,0.1923355025307302,0.6761074800290486,0.2994772818657016,0.6625793975145677,0.1898363283917067,0.1847125588021475,0.602672900045734,1862,7819,892,11860,0.3098772219168041,0.2072303921568627,0.6140159767610748,784.0,0.055,,
3.1-baselines,knn,K-nearest neighbours,n_neighbors=3,standardized,42,clean,standard,,,predict_proba,7.514,0.8621089223638471,0.2719141323792486,0.1176470588235294,0.164235548352242,0.6178586654715648,0.1652024104861115,0.1124489103175137,0.9590007051475772,152,407,1140,9520,0.333333,0.2802285714285714,13.16,0.852583247893728,0.2634730538922156,0.111837327523602,0.1570226867193474,0.6060259079061345,0.1667229093297515,0.1005323537627779,0.9562477768179276,308,861,2446,18818,0.2800806632310105,0.2025275437459494,0.4538852578068264,784.0,0.006,,
3.1-baselines,knn,K-nearest neighbours,n_neighbors=5,standardized,42,clean,standard,,,predict_proba,8.399,0.8735181388715572,0.313782991202346,0.0828173374613003,0.131047152480098,0.6425798031512393,0.1821519641015454,0.1101646275068791,0.9764279238440616,107,234,1185,9693,0.2,0.2763942476324096,14.348,0.8648419738777694,0.2961876832844575,0.0733478576615831,0.1175785797438882,0.6336333039990467,0.1818940588856641,0.0935752349760181,0.9756085166929214,202,480,2552,19199,0.2861836417084558,0.18781207444394,0.6009440813362382,784.0,0.006,,
3.1-baselines,knn,K-nearest neighbours,n_neighbors=11,standardized,42,clean,standard,,,predict_proba,6.155,0.8826989927801052,0.3867924528301887,0.0317337461300309,0.0586552217453505,0.6898881182477286,0.2127759462281859,0.0831055382218491,0.9934522010677947,41,65,1251,9862,0.181818,0.3055224473579658,13.615,0.8739802968840548,0.323671497584541,0.0243282498184458,0.0452549814251941,0.6732339451242552,0.2040686751272111,0.0590814501898863,0.9928858173687688,67,140,2687,19539,0.3101065929727595,0.212930333423692,0.5704429920116194,784.0,0.006,,
3.1-baselines,decision_tree,Decision tree (CART),max_depth=3,standardized,42,clean,standard,,,predict_proba,0.014,0.8848382208753008,0.0,0.0,0.0,0.6827620265710586,0.2003220671059559,0.0,1.0,0,0,1292,9927,0.171795,0.31732616212063,0.031,0.8772344314180003,0.0,0.0,0.0,0.6657568018992409,0.2019543893083596,0.0,1.0,0,0,2754,19679,0.3105022831050228,0.2088504450294597,0.6049382716049383,784.0,2.051,,
3.1-baselines,decision_tree,Decision tree (CART),max_depth=5,standardized,42,clean,standard,,,predict_proba,0.012,0.8796684196452447,0.1547619047619047,0.0100619195046439,0.0188953488372093,0.6876842591786918,0.2058186402142171,0.0107746947763408,0.9928477888586684,13,71,1279,9856,0.156658,0.3190034196384954,0.024,0.873222484732314,0.2443181818181818,0.0156136528685548,0.0293515358361774,0.6695063060597536,0.2074682130333879,0.0329375427793994,0.9932415265003304,43,133,2711,19546,0.3139764924938903,0.2310327110806645,0.489832970225127,784.0,2.428,,
3.1-baselines,decision_tree,Decision tree (CART),max_depth=10,standardized,42,clean,standard,,,predict_proba,0.014,0.8450842321062483,0.226044226044226,0.1424148606811145,0.174738841405508,0.619362133044912,0.1787698045859242,0.0971556007830092,0.9365367180417044,184,630,1108,9297,0.146667,0.2855418050105644,0.03,0.8367583470779655,0.2408675799086758,0.1532316630355846,0.1873058144695961,0.6103039108113693,0.1831716166273524,0.1047472073238597,0.932415265003303,422,1330,2332,18349,0.2732656514382403,0.2233748271092669,0.3518518518518518,784.0,4.806,,
3.1-baselines,boosting,Histogram gradient boosting,max_leaf_nodes=31,standardized,42,clean,standard,,,predict_proba,1.012,0.8826989927801052,0.4210526315789473,0.0495356037151702,0.0886426592797784,0.7530139523163053,0.2719082166522104,0.1123019271543963,0.9911352875994762,64,88,1228,9839,0.069138,0.3603305785123967,2.13,0.8737574109570722,0.3879310344827586,0.0490196078431372,0.0870406189555125,0.7446732843547803,0.2753446516781304,0.1014289099837843,0.989176279282484,135,213,2619,19466,0.3638613861386138,0.2636126507988262,0.5871459694989106,784.0,24.2,,
3.1-baselines,svm_linear,Linear SVM (soft margin),C=0.1,standardized,42,clean,standard,,,decision_function,0.058,0.8785096710936804,0.2679738562091503,0.0317337461300309,0.0567474048442906,0.6973522815625273,0.2158260329435831,0.056288793700772,0.9887176387629696,41,112,1251,9815,-0.577354,0.3095298602287166,0.115,0.8724646725805733,0.3174061433447099,0.0337690631808278,0.0610436494913029,0.6910644050518446,0.2281459550397531,0.0682310816034241,0.989836881955384,93,200,2661,19479,0.3069931835395102,0.2352941176470588,0.4415395787944807,784.0,12.851,,
3.1-baselines,svm_linear,Linear SVM (soft margin),C=1.0,standardized,42,clean,standard,,,decision_function,0.06,0.8740529458953561,0.2489626556016597,0.0464396284829721,0.0782778864970645,0.6821411629976226,0.2037857130367011,0.0621040248098364,0.9817668983580136,60,181,1232,9746,-0.586956,0.2963322807869808,0.117,0.8688984977488521,0.2971800433839479,0.0497458242556281,0.0852255054432348,0.6792247415610232,0.2184030225216841,0.0769842826993764,0.983535748767722,137,324,2617,19355,0.3009209424709962,0.224362404137685,0.4567901234567901,784.0,23.87,,
3.1-baselines,svm_linear,Linear SVM (soft margin),C=10.0,standardized,42,clean,standard,,,decision_function,0.058,0.8723593903199929,0.2445255474452554,0.0518575851393188,0.0855683269476372,0.678173499362685,0.2010297972899834,0.0641200624458865,0.9791477787851316,67,207,1225,9720,-0.611108,0.2943344081068632,0.116,0.8678732224847323,0.2965116279069767,0.0555555555555555,0.0935779816513761,0.6761872092103682,0.215853083516978,0.0812368613611017,0.9815539407490218,153,363,2601,19316,0.3013544018058691,0.2186374058303308,0.4847494553376906,784.0,28.38,,
3.1-baselines,svm_rbf,Kernel SVM (RBF),C=0.1,standardized,42,clean,standard,,,decision_function,68.938,0.8848382208753008,0.0,0.0,0.0,0.7078007691441641,0.2414474595928044,0.0,1.0,0,0,1292,9927,-0.996002,0.3255694906577937,141.376,0.8772344314180003,0.0,0.0,0.0,0.7167963571310824,0.2756348626988368,0.0,1.0,0,0,2754,19679,0.3415822541351455,0.26402378592666,0.4836601307189542,784.0,23.622,,
3.1-baselines,svm_rbf,Kernel SVM (RBF),C=1.0,standardized,42,clean,standard,,,decision_function,72.663,0.8848382208753008,0.0,0.0,0.0,0.708442060478022,0.2417379150716924,0.0,1.0,0,0,1292,9927,-0.959931,0.3260813923726644,146.691,0.8772344314180003,0.0,0.0,0.0,0.7175466897296379,0.2762963673607975,0.0,1.0,0,0,2754,19679,0.3411190965092402,0.2637951568082572,0.4825708061002178,784.0,24.44,,
3.1-baselines,svm_rbf,Kernel SVM (RBF),C=10.0,standardized,42,clean,standard,,,decision_function,73.122,0.8711115072644621,0.308457711442786,0.0959752321981424,0.1463990554899645,0.7087335069225158,0.237477638755699,0.1167336880888333,0.9719955676437996,124,278,1168,9649,-0.760872,0.3230289959261921,157.968,0.8693888467882138,0.393719806763285,0.1183732752360203,0.1820212171970966,0.7173388329308495,0.2690933684844695,0.1616359116646566,0.9744905737080136,326,502,2428,19177,0.3391661773341162,0.2506509286582191,0.524328249818446,784.0,23.958,,
3.1-representation,knn,K-nearest neighbours,n_neighbors=5,pca50,42,clean,standard,,,predict_proba,0.936,0.8725376593279258,0.2970588235294117,0.0781733746130031,0.1237745098039215,0.6404917273807774,0.1775635690718257,0.1007359514702729,0.9759242470031227,101,239,1191,9688,0.2,0.2758379888268156,1.72,0.8648865510631659,0.3007194244604316,0.0758896151053013,0.1211945491446796,0.6316739792035444,0.1810483541298493,0.0969602860965827,0.9753036231515828,209,486,2545,19193,0.2842709136056169,0.1859943977591036,0.6027596223674655,50.0,0.002,0.9531114101409912,
3.1-representation,svm_rbf,Kernel SVM (RBF),C=1.0,pca50,42,clean,standard,,,decision_function,13.695,0.8848382208753008,0.0,0.0,0.0,0.6977859426444626,0.2343713292930598,0.0,1.0,0,0,1292,9927,-0.979198,0.3146853146853147,21.863,0.8772344314180003,0.0,0.0,0.0,0.7086022417240426,0.2682886035425091,0.0,1.0,0,0,2754,19679,0.3394197098549275,0.2588706600534147,0.4927378358750908,50.0,4.443,0.9531114101409912,
3.2-robustness,boosting,Histogram gradient boosting,"l2_regularization=10.0, max_depth=2, max_leaf_nodes=4, min_samples_leaf=100",standardized,42,clean,robust,0.0,0.0,predict_proba,,0.8843925483554684,0.4418604651162791,0.0147058823529411,0.0284644194756554,0.7627009990266406,0.28206630472842,0.0634822482686693,0.9975823511634936,19,24,1273,9903,0.180364,0.3718620689655172,,0.8769223911202246,0.4606741573033708,0.0148874364560639,0.028842771720014,0.7465867847064485,0.2843442288763576,0.0649856770543662,0.997560851669292,41,48,2713,19631,0.3624020887728459,0.2829188748471259,0.5039941902687001,,5.313,,0.118
3.2-robustness,boosting,Histogram gradient boosting,"l2_regularization=1.0, max_depth=3, max_leaf_nodes=8, min_samples_leaf=50",standardized,42,noisy,robust,0.05,59.0,predict_proba,,0.8833229343078706,0.3508771929824561,0.0154798761609907,0.0296515937731653,0.7600004023177244,0.2824697014269751,0.0527677142006213,0.9962727913770524,20,37,1272,9890,0.176927,0.3646158208108874,,0.8773681629741898,0.5102040816326531,0.0272331154684095,0.0517063081695966,0.7489819998779983,0.2885558138198385,0.0958846901270831,0.9963412775039382,75,72,2679,19607,0.3649615332703468,0.2904403866809882,0.4909222948438634,,6.493,,0.1121
3.2-robustness,boosting,Histogram gradient boosting,max_leaf_nodes=31,standardized,42,clean,standard,0.0,0.0,predict_proba,,0.8826989927801052,0.4210526315789473,0.0495356037151702,0.0886426592797784,0.7530139523163053,0.2719082166522104,0.1123019271543963,0.9911352875994762,64,88,1228,9839,0.069138,0.3603305785123967,,0.8737574109570722,0.3879310344827586,0.0490196078431372,0.0870406189555125,0.7446732843547803,0.2753446516781304,0.1014289099837843,0.989176279282484,135,213,2619,19466,0.3638613861386138,0.2636126507988262,0.5871459694989106,,27.589,,0.118
3.2-robustness,boosting,Histogram gradient boosting,max_leaf_nodes=31,standardized,42,noisy,standard,0.05,59.0,predict_proba,,0.8829663962920047,0.4173228346456692,0.0410216718266253,0.0747004933051444,0.7505930288006472,0.2641504155057124,0.1012859717658128,0.992545582754105,53,74,1239,9853,0.061879,0.3594802694898941,,0.8757188071145188,0.4413793103448276,0.046477850399419,0.0840998685939553,0.7469593032071795,0.2858096947517539,0.1111089765867912,0.9917678743838608,128,162,2626,19517,0.360036621652552,0.2628676470588235,0.5711692084241103,,24.442,,0.1121
3.2-robustness,svm_rbf,Kernel SVM (RBF),C=0.01,standardized,42,clean,robust,0.0,0.0,decision_function,,0.8848382208753008,0.0,0.0,0.0,0.6995851449326211,0.2395561021679502,0.0,1.0,0,0,1292,9927,-0.999501,0.327692720923986,,0.8772344314180003,0.0,0.0,0.0,0.7098447880788765,0.2714222228466065,0.0,1.0,0,0,2754,19679,0.336503683858004,0.2666100615580556,0.4560639070442992,,19.583,,0.118
3.2-robustness,svm_rbf,Kernel SVM (RBF),C=1.0,standardized,42,clean,standard,0.0,0.0,decision_function,,0.8848382208753008,0.0,0.0,0.0,0.708442060478022,0.2417379150716924,0.0,1.0,0,0,1292,9927,-0.959931,0.3260813923726643,,0.8772344314180003,0.0,0.0,0.0,0.7175466897296379,0.2762963673607975,0.0,1.0,0,0,2754,19679,0.3411190965092402,0.2637951568082572,0.4825708061002178,,22.831,,0.118
3.2-robustness,svm_rbf,Kernel SVM (RBF),C=1.0,standardized,42,noisy,standard,0.05,59.0,decision_function,,0.8848382208753008,0.0,0.0,0.0,0.7059115911478873,0.2411957731062964,0.0,1.0,0,0,1292,9927,-0.962394,0.3240716696961828,,0.8772344314180003,0.0,0.0,0.0,0.715899150132318,0.2725656250884228,0.0,1.0,0,0,2754,19679,0.3404919953143303,0.2653682288496652,0.4749455337690632,,27.824,,0.1121
