family,model,params,feature_space,n_features,seed,score_source,fit_seconds,val_predict_seconds,test_predict_seconds,val_accuracy,val_precision,val_recall,val_f1,val_roc_auc,val_average_precision,val_mcc,val_specificity,val_tp,val_fp,val_fn,val_tn,test_accuracy,test_precision,test_recall,test_f1,test_roc_auc,test_average_precision,test_mcc,test_specificity,test_tp,test_fp,test_fn,test_tn,val_selected_threshold,val_f1_at_val_threshold,test_f1_at_val_threshold,test_precision_at_val_threshold,test_recall_at_val_threshold
logreg_sga,Logistic regression (SGA),l2=1e-05,standardized,784,42,predict_proba,2.749,0.048,0.096,0.859167483732953,0.23722627737226276,0.10061919504643962,0.14130434782608695,0.6485265815062962,0.18325123582696734,0.08665446989294158,0.9578926160975119,130,418,1162,9509,0.8522266304105559,0.24977698483496877,0.10167029774872913,0.14451612903225808,0.6605925798979209,0.2024274194041222,0.08876409647426949,0.9572640886223893,280,841,2474,18838,0.058743,0.2729421878358049,0.2883116883116883,0.2053654024051804,0.48366013071895425
logreg_sga,Logistic regression (SGA),l2=0.0001,standardized,784,42,predict_proba,2.339,0.047,0.101,0.8614849808360816,0.244140625,0.09674922600619196,0.1385809312638581,0.644986419437747,0.1811609091746762,0.0883554709078908,0.9610154125113327,125,387,1167,9540,0.8539205634556234,0.2502387774594078,0.09513435003631082,0.13785845830044724,0.6591419737771628,0.2014820396882654,0.0859471249544646,0.9601097616748818,262,785,2492,18894,0.072746,0.2695393078157231,0.2866767336508305,0.2107600341588386,0.4480755265068991
logreg_sga,Logistic regression (SGA),l2=0.001,standardized,784,42,predict_proba,2.345,0.05,0.103,0.8636242089312773,0.22065727699530516,0.07275541795665634,0.10942956926658906,0.6333183477777871,0.17400647913680226,0.06565707291097393,0.9665558577616601,94,332,1198,9595,0.8570409664333793,0.22276621787025705,0.06608569353667393,0.10193223186782414,0.6461947739800412,0.1892882031512269,0.05924204719178323,0.9677321002083439,182,635,2572,19044,0.044728,0.2616033755274262,0.2770391971867227,0.18135878719820325,0.5864197530864198
gaussian_nb,Gaussian Naive Bayes,var_smoothing=1e-09,standardized,784,42,predict_proba,0.055,0.182,0.395,0.6236741242534986,0.18669803250641573,0.6756965944272446,0.2925603217158177,0.6700595461419445,0.1844827109039095,0.18944749283103135,0.6169033947819079,873,3803,419,6124,0.611688138010966,0.19233550253073028,0.6761074800290486,0.29947728186570166,0.6625793975145677,0.18983632839170672,0.18471255880214757,0.602672900045734,1862,7819,892,11860,1.0,0.3051041865800038,0.3098772219168041,0.20723039215686276,0.6140159767610748
knn,K-nearest neighbours,n_neighbors=3,standardized,784,42,predict_proba,0.006,7.514,13.16,0.8621089223638471,0.27191413237924866,0.11764705882352941,0.16423554835224202,0.6178586654715648,0.16520241048611153,0.11244891031751375,0.9590007051475773,152,407,1140,9520,0.852583247893728,0.2634730538922156,0.11183732752360204,0.15702268671934744,0.6060259079061345,0.16672290932975153,0.10053235376277797,0.9562477768179277,308,861,2446,18818,0.333333,0.28022857142857144,0.28008066323101055,0.20252754374594945,0.4538852578068264
knn,K-nearest neighbours,n_neighbors=5,standardized,784,42,predict_proba,0.006,8.399,14.348,0.8735181388715572,0.31378299120234604,0.08281733746130031,0.131047152480098,0.6425798031512393,0.18215196410154544,0.11016462750687914,0.9764279238440616,107,234,1185,9693,0.8648419738777694,0.2961876832844575,0.07334785766158315,0.11757857974388825,0.6336333039990467,0.18189405888566418,0.09357523497601816,0.9756085166929214,202,480,2552,19199,0.2,0.27639424763240966,0.28618364170845584,0.18781207444394007,0.6009440813362382
knn,K-nearest neighbours,n_neighbors=11,standardized,784,42,predict_proba,0.006,6.155,13.615,0.8826989927801052,0.3867924528301887,0.03173374613003096,0.058655221745350504,0.6898881182477286,0.21277594622818596,0.08310553822184914,0.9934522010677949,41,65,1251,9862,0.8739802968840548,0.32367149758454106,0.024328249818445898,0.04525498142519419,0.6732339451242552,0.2040686751272111,0.05908145018988634,0.9928858173687687,67,140,2687,19539,0.181818,0.30552244735796585,0.31010659297275955,0.21293033342369205,0.5704429920116194
decision_tree,Decision tree (CART),max_depth=3,standardized,784,42,predict_proba,2.051,0.014,0.031,0.8848382208753008,0.0,0.0,0.0,0.6827620265710586,0.20032206710595593,0.0,1.0,0,0,1292,9927,0.8772344314180003,0.0,0.0,0.0,0.6657568018992409,0.20195438930835968,0.0,1.0,0,0,2754,19679,0.171795,0.31732616212063003,0.3105022831050228,0.2088504450294597,0.6049382716049383
decision_tree,Decision tree (CART),max_depth=5,standardized,784,42,predict_proba,2.428,0.012,0.024,0.8796684196452447,0.15476190476190477,0.010061919504643963,0.0188953488372093,0.6876842591786918,0.20581864021421717,0.010774694776340837,0.9928477888586683,13,71,1279,9856,0.873222484732314,0.24431818181818182,0.01561365286855483,0.029351535836177476,0.6695063060597536,0.2074682130333879,0.03293754277939945,0.9932415265003303,43,133,2711,19546,0.156658,0.3190034196384954,0.31397649249389037,0.2310327110806645,0.48983297022512706
decision_tree,Decision tree (CART),max_depth=10,standardized,784,42,predict_proba,4.806,0.014,0.03,0.8450842321062483,0.22604422604422605,0.14241486068111456,0.17473884140550808,0.619362133044912,0.17876980458592426,0.09715560078300926,0.9365367180417045,184,630,1108,9297,0.8367583470779655,0.2408675799086758,0.1532316630355846,0.1873058144695961,0.6103039108113693,0.1831716166273524,0.10474720732385971,0.932415265003303,422,1330,2332,18349,0.146667,0.2855418050105644,0.2732656514382403,0.22337482710926695,0.35185185185185186
boosting,Histogram gradient boosting,max_leaf_nodes=31,standardized,784,42,predict_proba,24.2,1.012,2.13,0.8826989927801052,0.42105263157894735,0.04953560371517028,0.0886426592797784,0.7530139523163053,0.2719082166522104,0.1123019271543963,0.9911352875994762,64,88,1228,9839,0.8737574109570722,0.3879310344827586,0.049019607843137254,0.08704061895551257,0.7446732843547803,0.2753446516781304,0.10142890998378433,0.9891762792824839,135,213,2619,19466,0.069138,0.3603305785123967,0.36386138613861385,0.26361265079882623,0.5871459694989106
svm_linear,Linear SVM (soft margin),C=0.1,standardized,784,42,decision_function,12.851,0.058,0.115,0.8785096710936804,0.2679738562091503,0.03173374613003096,0.05674740484429066,0.6973522815625273,0.21582603294358318,0.05628879370077204,0.9887176387629697,41,112,1251,9815,0.8724646725805733,0.3174061433447099,0.03376906318082789,0.06104364949130292,0.6910644050518446,0.22814595503975318,0.0682310816034241,0.9898368819553839,93,200,2661,19479,-0.577354,0.30952986022871665,0.3069931835395102,0.23529411764705882,0.44153957879448075
svm_linear,Linear SVM (soft margin),C=1.0,standardized,784,42,decision_function,23.87,0.06,0.117,0.8740529458953561,0.24896265560165975,0.04643962848297214,0.07827788649706457,0.6821411629976226,0.20378571303670115,0.06210402480983649,0.9817668983580135,60,181,1232,9746,0.8688984977488521,0.29718004338394793,0.04974582425562818,0.08522550544323483,0.6792247415610232,0.21840302252168417,0.07698428269937642,0.983535748767722,137,324,2617,19355,-0.586956,0.2963322807869808,0.30092094247099627,0.22436240413768505,0.4567901234567901
svm_linear,Linear SVM (soft margin),C=10.0,standardized,784,42,decision_function,28.38,0.058,0.116,0.8723593903199929,0.24452554744525548,0.05185758513931889,0.08556832694763729,0.678173499362685,0.20102979728998344,0.06412006244588656,0.9791477787851315,67,207,1225,9720,0.8678732224847323,0.29651162790697677,0.05555555555555555,0.09357798165137615,0.6761872092103682,0.21585308351697804,0.08123686136110178,0.9815539407490218,153,363,2601,19316,-0.611108,0.2943344081068632,0.3013544018058691,0.2186374058303308,0.48474945533769065
svm_rbf,Kernel SVM (RBF),C=0.1,standardized,784,42,decision_function,23.622,68.938,141.376,0.8848382208753008,0.0,0.0,0.0,0.7078007691441641,0.24144745959280448,0.0,1.0,0,0,1292,9927,0.8772344314180003,0.0,0.0,0.0,0.7167963571310824,0.27563486269883686,0.0,1.0,0,0,2754,19679,-0.996002,0.3255694906577937,0.34158225413514554,0.26402378592666004,0.48366013071895425
svm_rbf,Kernel SVM (RBF),C=1.0,standardized,784,42,decision_function,24.44,72.663,146.691,0.8848382208753008,0.0,0.0,0.0,0.708442060478022,0.24173791507169246,0.0,1.0,0,0,1292,9927,0.8772344314180003,0.0,0.0,0.0,0.7175466897296379,0.27629636736079755,0.0,1.0,0,0,2754,19679,-0.959931,0.3260813923726644,0.34111909650924027,0.26379515680825727,0.48257080610021785
svm_rbf,Kernel SVM (RBF),C=10.0,standardized,784,42,decision_function,23.958,73.122,157.968,0.8711115072644621,0.30845771144278605,0.09597523219814241,0.14639905548996457,0.7087335069225158,0.237477638755699,0.11673368808883339,0.9719955676437997,124,278,1168,9649,0.8693888467882138,0.39371980676328505,0.11837327523602033,0.1820212171970966,0.7173388329308495,0.2690933684844695,0.16163591166465668,0.9744905737080136,326,502,2428,19177,-0.760872,0.32302899592619216,0.33916617733411625,0.2506509286582191,0.524328249818446
